{"cameraMode":{"drawMode":0,"name":"Shaded","section":"Shading Mode"},"sceneLighting":true,"audioPlay":false,"sceneViewState":{"m_AlwaysRefresh":false,"showFog":true,"showSkybox":true,"showFlares":true,"showImageEffects":true,"showParticleSystems":true,"showVisualEffectGraphs":true,"m_FxEnabled":true},"in2DMode":false,"pivot":{"x":1.563403606414795,"y":3.1446030139923097,"z":-8.360302925109864},"rotation":{"x":0.12539388239383698,"y":-0.06543031334877014,"z":0.008286953903734684,"w":0.989918053150177},"size":1.4383867979049683,"orthographic":false}